"from","to","weight"
1,2,131422
1,3,335729
1,4,279015
1,5,20331
1,6,111775
1,7,1586
1,8,3296
1,9,12366
1,10,180760
1,11,17850
1,12,582
1,13,117681
1,14,36664
1,15,83982
1,16,74056
1,17,278
1,18,1313
1,19,844
1,20,734
1,21,580
1,22,1726
1,23,43076
1,24,4264
1,25,1275
1,26,13517
1,27,850
1,28,24795
1,29,139
1,30,987
1,31,20989
1,32,354
1,33,2361
1,34,7531
1,35,33409
1,36,38957
1,37,920
1,38,24780
1,39,9041
1,40,11123
1,41,18240
1,42,26401
1,43,533
1,44,367
1,45,588
1,46,20
1,47,211
1,48,12
1,49,8977
1,50,2422
1,51,1807
1,52,241
1,53,180
1,54,8449
1,55,219
1,56,140
1,57,436
1,58,167
1,59,2646
1,60,4431
1,61,13
1,62,194
1,63,2266
1,64,18
1,65,757
1,66,112
1,67,3
1,68,75
1,69,9
1,70,40
1,71,48
1,72,1078
1,73,336
1,74,1414
1,75,767
1,76,226
1,77,6
1,78,58
1,79,86
1,80,1362
1,81,7
1,82,10
1,83,39
1,84,63
1,85,24
1,86,10
1,87,94
1,88,44
1,90,137
1,91,22
1,92,17
1,93,333
1,94,2
1,95,0
1,98,6
1,99,0
1,104,1
1,105,23
1,106,1
1,107,4
1,109,0
1,110,4
1,115,5
2,1,395266
2,3,8587
2,4,12324
2,5,25710
2,6,6127
2,7,691
2,8,19549
2,9,739
2,10,6703
2,11,223
2,12,271
2,13,4248
2,14,129873
2,15,5321
2,16,1470
2,17,64
2,18,357
2,19,30536
2,20,1367
2,21,170
2,22,11502
2,23,38177
2,24,562
2,25,5539
2,26,17014
2,27,7756
2,28,93857
2,29,15
2,30,1708
2,31,470
2,32,25822
2,33,4412
2,34,835
2,35,458
2,36,82354
2,37,14984
2,38,7336
2,39,4056
2,40,348
2,41,1740
2,42,399
2,43,12894
2,44,1092
2,45,2384
2,46,1
2,47,6
2,48,0
2,49,329
2,50,395
2,51,2908
2,52,10578
2,53,12
2,54,1897
2,55,440
2,56,3613
2,57,178
2,58,55
2,59,94
2,60,3558
2,61,3
2,62,3
2,63,292
2,64,5
2,65,6
2,66,554
2,67,9
2,68,258
2,70,4
2,72,58
2,73,3
2,74,63
2,75,264
2,76,25
2,78,5966
2,79,1767
2,80,34
2,81,101
2,82,1149
2,83,2
2,84,430
2,85,1571
2,86,123
2,87,33
2,88,1677
2,90,7
2,92,6
2,93,20
2,95,133
2,96,3
2,98,111
2,100,15
2,104,2
2,106,1
2,109,37
2,110,1
2,115,7
2,116,3
3,1,273061
3,2,1773
3,4,86925
3,5,710
3,6,1625
3,7,4482
3,8,102
3,9,13029
3,10,78137
3,11,46248
3,12,3298
3,13,57923
3,14,1931
3,15,211
3,16,57895
3,17,638
3,18,1887
3,19,51
3,20,1726
3,21,4776
3,22,0
3,23,8696
3,24,4421
3,25,577
3,26,17104
3,27,169
3,28,3045
3,29,105
3,30,596
3,31,2596
3,32,2
3,33,307
3,34,11110
3,35,33651
3,36,5780
3,37,253
3,38,13036
3,39,6513
3,40,16569
3,41,7144
3,42,19028
3,43,20
3,44,7
3,45,17
3,46,62
3,47,1312
3,48,113
3,49,12062
3,50,629
3,51,1123
3,52,13
3,53,876
3,54,6864
3,55,1206
3,56,7
3,57,596
3,58,417
3,59,4767
3,60,2239
3,61,4
3,62,636
3,63,2735
3,64,257
3,65,1533
3,67,42
3,68,67
3,69,192
3,70,114
3,71,694
3,72,5719
3,73,129
3,75,690
3,76,3
3,77,12
3,78,1
3,79,2
3,80,2724
3,81,1
3,83,152
3,85,9
3,86,1
3,87,3
3,88,3
3,89,4
3,90,75
3,91,222
3,92,8
3,93,317
3,94,7
3,96,1
3,97,1
3,98,2
3,99,7
3,100,1
3,101,5
3,104,4
3,105,31
3,106,1
3,107,1
3,108,11
3,110,6
3,111,6
3,112,0
3,114,1
3,115,2
4,1,263987
4,2,3778
4,3,89871
4,5,135
4,6,8872
4,7,221
4,8,446
4,9,29903
4,10,12870
4,11,54307
4,12,195
4,13,2814
4,14,339
4,15,69
4,16,5465
4,17,29
4,18,33
4,19,178
4,20,569
4,21,102
4,22,22
4,23,2437
4,24,893
4,25,204
4,26,11726
4,27,342
4,28,815
4,29,220
4,30,183
4,31,790
4,32,20
4,33,1937
4,34,11375
4,35,1340
4,36,2410
4,37,25
4,38,4485
4,39,1243
4,40,8062
4,41,3543
4,42,4600
4,43,43
4,44,36
4,45,314
4,46,1
4,47,143
4,48,3
4,49,1272
4,50,241
4,51,2946
4,52,144
4,53,44
4,54,394
4,55,144
4,56,9
4,57,35
4,58,21
4,59,3410
4,60,3305
4,62,166
4,63,785
4,64,0
4,65,2991
4,68,68
4,69,9
4,70,1
4,71,18
4,72,840
4,73,101
4,75,135
4,77,26
4,78,0
4,79,3
4,80,43
4,82,0
4,83,56
4,85,2
4,87,0
4,88,5
4,89,0
4,90,163
4,91,493
4,93,287
4,95,0
4,98,4
4,104,3
4,105,74
4,108,28
4,113,0
5,1,54357
5,2,22099
5,3,1924
5,4,536
5,6,50062
5,7,886
5,8,2744
5,9,148
5,10,174
5,11,17
5,12,264
5,13,515
5,14,27858
5,15,16001
5,16,52
5,17,142
5,18,6555
5,19,3360
5,20,57
5,21,83
5,22,9341
5,23,728
5,24,1490
5,25,1505
5,26,1956
5,27,1258
5,28,3968
5,29,1
5,30,511
5,31,190
5,32,322
5,33,1654
5,34,16
5,35,10
5,36,304
5,37,3354
5,38,2437
5,39,29
5,40,73
5,41,5
5,42,0
5,43,3075
5,44,11
5,45,184
5,46,18
5,47,2
5,48,7
5,49,4
5,50,3281
5,51,540
5,52,351
5,53,22
5,54,12
5,55,328
5,56,129
5,57,109
5,58,91
5,59,2
5,60,63
5,61,7
5,62,5
5,64,71
5,66,3087
5,67,14
5,68,14
5,69,0
5,70,113
5,73,7
5,74,93
5,75,18
5,76,108
5,78,20
5,79,13
5,80,4
5,81,445
5,82,99
5,84,1304
5,85,2
5,86,7
5,87,56
5,88,107
5,93,0
5,95,21
5,98,11
5,100,12
5,104,2
5,106,1
5,107,1
5,110,34
5,113,0
5,115,16
6,1,143579
6,2,2546
6,3,2778
6,4,10190
6,5,42573
6,7,989
6,8,613
6,9,2544
6,10,429
6,11,439
6,12,131
6,13,8523
6,14,18715
6,15,35629
6,16,188
6,17,144
6,18,7969
6,19,162
6,20,116
6,21,79
6,22,11
6,23,5870
6,24,2050
6,25,420
6,26,219
6,27,25
6,28,1063
6,29,18
6,30,24
6,31,4738
6,32,2
6,33,86
6,34,21
6,35,76
6,36,190
6,37,564
6,38,1671
6,39,68
6,40,456
6,41,63
6,42,31
6,43,210
6,44,19
6,45,91
6,46,24
6,47,5
6,48,11
6,49,29
6,50,1781
6,51,787
6,52,13
6,53,10
6,54,42
6,55,133
6,56,10
6,57,66
6,58,63
6,59,4
6,60,124
6,61,2
6,62,78
6,63,10
6,64,30
6,65,16
6,66,18
6,67,40
6,68,63
6,69,4
6,70,194
6,71,0
6,73,26
6,74,1856
6,75,273
6,76,693
6,78,4
6,79,324
6,80,14
6,81,102
6,82,3
6,83,3
6,84,2
6,85,2
6,87,25
6,88,3
6,90,2
6,92,3
6,93,34
6,94,2
6,98,6
6,99,1
6,100,3
6,101,0
6,104,2
6,106,10
6,110,16
6,113,0
6,115,4
7,1,1314
7,2,294
7,3,2442
7,4,252
7,5,293
7,6,519
7,8,333
7,9,1198
7,10,12
7,11,105
7,12,3576
7,13,117
7,14,129
7,15,224
7,16,1
7,17,2454
7,18,2483
7,19,17
7,20,279
7,21,1033
7,23,136
7,24,1508
7,25,924
7,26,0
7,27,68
7,28,1
7,29,1
7,30,30
7,31,59
7,33,13
7,34,2
7,35,2
7,37,1385
7,38,55
7,39,0
7,40,3
7,42,7
7,44,32
7,45,35
7,46,288
7,47,128
7,48,327
7,50,12
7,51,2
7,53,88
7,55,291
7,56,10
7,57,49
7,58,8
7,61,1519
7,62,35
7,64,191
7,65,2
7,66,2
7,67,44
7,68,29
7,69,34
7,70,164
7,71,87
7,73,11
7,75,0
7,79,0
7,83,6
7,86,295
7,87,8
7,92,1
7,94,6
7,96,41
7,97,0
7,99,2
7,104,2
7,107,6
7,112,0
8,1,6846
8,2,19781
8,3,314
8,4,959
8,5,2017
8,6,1250
8,7,748
8,9,30
8,10,101
8,11,21
8,12,203
8,13,343
8,14,590
8,15,147
8,16,36
8,17,10
8,18,90
8,19,7082
8,20,74
8,21,77
8,22,349
8,23,38
8,24,2203
8,25,8466
8,26,330
8,27,2524
8,28,172
8,29,0
8,30,935
8,31,30
8,32,4795
8,33,3115
8,34,25
8,35,15
8,36,85
8,37,1119
8,38,8
8,39,8
8,40,47
8,41,13
8,42,1
8,43,2847
8,44,3592
8,45,4654
8,46,0
8,47,8
8,48,1
8,49,2
8,50,2
8,51,180
8,52,637
8,54,2
8,55,289
8,56,554
8,57,13
8,58,12
8,59,0
8,60,669
8,61,1
8,62,17
8,63,4
8,66,166
8,68,403
8,70,13
8,72,2
8,78,36
8,79,0
8,80,2
8,81,101
8,82,102
8,83,2
8,84,211
8,85,2
8,86,360
8,87,52
8,88,28
8,92,4
8,93,6
8,95,160
8,96,1
8,100,4
8,103,0
8,106,0
8,115,8
9,1,11073
9,2,322
9,3,10748
9,4,38147
9,5,60
9,6,3518
9,7,1804
9,8,38
9,10,288
9,11,19127
9,12,6814
9,13,1032
9,14,12
9,15,4
9,16,43
9,17,767
9,18,459
9,19,4
9,20,4893
9,21,3554
9,22,1
9,23,60
9,24,299
9,25,163
9,26,52
9,27,11
9,28,8
9,29,1203
9,30,170
9,31,64
9,32,6
9,33,358
9,34,22
9,35,11
9,36,2
9,37,52
9,38,304
9,39,112
9,40,885
9,41,452
9,42,21
9,43,2
9,44,17
9,45,110
9,46,7
9,47,1971
9,48,32
9,49,542
9,50,301
9,51,1348
9,53,689
9,54,16
9,55,172
9,56,13
9,57,44
9,58,68
9,59,30
9,60,26
9,61,9
9,62,1678
9,63,9
9,64,58
9,65,943
9,67,1
9,68,203
9,69,14
9,70,113
9,71,325
9,73,11
9,75,14
9,77,71
9,80,6
9,83,267
9,85,2
9,87,9
9,88,11
9,90,398
9,91,13
9,92,12
9,94,2
9,96,2
9,98,36
9,99,8
9,103,1
9,104,1
9,105,19
9,108,7
9,112,3
10,1,194207
10,2,1038
10,3,89021
10,4,10270
10,5,116
10,6,82
10,7,115
10,8,14
10,9,495
10,11,2087
10,12,26
10,13,5821
10,14,261
10,15,46
10,16,31838
10,17,11
10,18,5
10,19,0
10,20,14
10,21,69
10,23,1980
10,24,804
10,25,31
10,26,11435
10,27,3
10,28,549
10,29,1
10,30,0
10,31,224
10,32,2
10,33,86
10,34,828
10,35,2428
10,36,1826
10,37,2
10,38,2378
10,39,1687
10,40,651
10,41,785
10,42,1178
10,43,6
10,44,5
10,45,4
10,47,2
10,48,2
10,49,10355
10,50,4
10,51,105
10,52,4
10,53,39
10,54,3073
10,55,3
10,57,7
10,58,4
10,59,2948
10,60,121
10,62,30
10,63,851
10,65,27
10,69,1
10,71,30
10,72,89
10,73,6
10,75,70
10,77,0
10,80,1058
10,82,11
10,83,6
10,88,0
10,90,14
10,91,1
10,93,50
10,101,1
10,105,8
10,107,0
11,1,15203
11,2,30
11,3,52395
11,4,64972
11,5,1
11,6,385
11,7,255
11,8,2
11,9,21149
11,10,1414
11,12,708
11,13,1997
11,14,14
11,16,1313
11,17,149
11,18,88
11,19,2
11,20,1217
11,21,981
11,23,415
11,24,370
11,25,2
11,26,328
11,27,5
11,28,219
11,29,13
11,30,3
11,31,12
11,33,54
11,34,48
11,35,200
11,36,182
11,37,2
11,38,661
11,39,142
11,40,417
11,41,119
11,42,297
11,43,2
11,44,2
11,45,0
11,46,10
11,47,2826
11,48,6
11,49,341
11,50,146
11,51,85
11,52,3
11,53,229
11,54,53
11,55,181
11,57,41
11,58,54
11,59,79
11,60,12
11,61,0
11,62,1122
11,63,48
11,64,15
11,65,1811
11,67,1
11,68,6
11,69,5
11,70,6
11,71,915
11,72,3
11,73,2
11,75,340
11,77,170
11,80,3
11,83,228
11,89,5
11,90,26
11,91,97
11,93,0
11,94,2
11,96,1
11,99,1
11,104,3
11,105,14
11,107,1
11,108,5
11,111,1
11,112,1
12,1,820
12,2,212
12,3,2089
12,4,391
12,5,50
12,6,82
12,7,8720
12,8,60
12,9,8903
12,10,20
12,11,519
12,13,41
12,14,574
12,15,18
12,16,3
12,17,522
12,18,2131
12,19,85
12,20,1007
12,21,2572
12,23,139
12,24,220
12,25,3426
12,26,9
12,27,118
12,28,3
12,29,76
12,30,1839
12,31,3
12,33,61
12,34,10
12,36,2
12,37,428
12,38,417
12,39,2
12,40,60
12,42,0
12,43,9
12,44,0
12,45,18
12,46,58
12,47,83
12,48,95
12,50,30
12,51,3
12,52,2
12,53,991
12,54,0
12,55,581
12,56,43
12,57,804
12,58,218
12,60,1
12,61,1303
12,62,889
12,63,3
12,64,728
12,65,22
12,67,9
12,68,15
12,69,37
12,70,602
12,71,37
12,73,39
12,75,3
12,77,1
12,79,1
12,80,6
12,81,2
12,82,2
12,83,6
12,85,15
12,86,12
12,87,342
12,89,1
12,90,3
12,91,0
12,92,46
12,94,6
12,96,7
12,98,2
12,99,5
12,101,27
12,108,2
12,111,1
12,112,7
13,1,106778
13,2,1111
13,3,66687
13,4,3619
13,5,238
13,6,8966
13,7,131
13,8,81
13,9,847
13,10,7171
13,11,1870
13,12,15
13,14,1842
13,15,829
13,16,9459
13,17,29
13,18,96
13,19,1
13,20,19
13,21,305
13,23,4418
13,24,457
13,25,58
13,26,304
13,27,0
13,28,958
13,29,1
13,30,2
13,31,9670
13,33,1
13,34,511
13,35,2681
13,36,1433
13,37,18
13,38,749
13,39,849
13,40,122
13,41,911
13,42,1151
13,43,3
13,45,0
13,46,3
13,47,104
13,49,454
13,50,73
13,51,13
13,53,33
13,54,1394
13,55,15
13,57,16
13,58,3
13,59,381
13,60,50
13,62,18
13,63,171
13,64,0
13,65,6
13,67,0
13,70,6
13,71,47
13,72,28
13,73,4
13,74,217
13,75,185
13,76,103
13,79,1
13,80,463
13,83,1
13,85,3
13,91,6
13,93,2
13,99,0
13,108,6
14,1,80224
14,2,136387
14,3,5192
14,4,995
14,5,35608
14,6,28581
14,7,734
14,8,870
14,9,69
14,10,812
14,11,37
14,12,1711
14,13,4420
14,15,25902
14,16,297
14,17,81
14,18,4890
14,19,2837
14,20,350
14,21,43
14,22,0
14,23,23401
14,24,325
14,25,2821
14,26,1716
14,27,226
14,28,19915
14,29,0
14,30,71
14,31,1293
14,32,55
14,33,262
14,34,163
14,35,121
14,36,7504
14,37,16042
14,38,16867
14,39,328
14,40,57
14,41,94
14,42,82
14,43,6395
14,44,15
14,45,1545
14,46,11
14,47,4
14,48,11
14,49,52
14,50,70
14,51,248
14,52,61
14,53,12
14,54,149
14,55,492
14,56,396
14,57,64
14,58,45
14,59,12
14,60,218
14,61,98
14,62,13
14,63,51
14,64,95
14,65,3
14,66,949
14,67,13
14,68,3
14,69,0
14,70,151
14,71,3
14,72,9
14,73,1
14,74,329
14,75,92
14,76,159
14,78,221
14,79,1350
14,80,17
14,81,69
14,82,285
14,84,1422
14,85,349
14,87,83
14,88,75
14,92,33
14,93,0
14,95,3
14,99,0
14,100,26
14,109,49
14,110,4
14,112,1
14,115,7
14,116,2
15,1,114107
15,2,3378
15,3,1108
15,4,482
15,5,13339
15,6,41682
15,7,757
15,8,80
15,9,22
15,10,161
15,11,17
15,12,142
15,13,1231
15,14,16801
15,16,43
15,17,6
15,18,1819
15,19,98
15,20,41
15,21,10
15,23,15939
15,24,251
15,25,203
15,26,174
15,27,18
15,28,2321
15,30,11
15,31,2864
15,32,2
15,33,86
15,34,0
15,35,45
15,36,92
15,37,604
15,38,672
15,39,84
15,40,19
15,41,34
15,42,5
15,43,64
15,44,0
15,45,50
15,46,6
15,48,1
15,49,9
15,50,89
15,51,16
15,52,11
15,53,0
15,54,14
15,55,12
15,56,2
15,57,8
15,58,11
15,59,2
15,60,19
15,61,3
15,62,9
15,63,4
15,64,5
15,66,46
15,70,8
15,72,0
15,74,1466
15,75,33
15,76,1248
15,78,3
15,79,243
15,81,8
15,84,8
15,85,16
15,87,0
15,88,18
15,92,1
15,94,1
15,95,4
15,98,5
15,100,0
15,101,0
15,109,2
15,112,1
15,113,0
15,115,6
16,1,56869
16,2,233
16,3,57181
16,4,4668
16,5,7
16,6,42
16,7,36
16,8,7
16,9,44
16,10,34755
16,11,862
16,12,9
16,13,6992
16,14,40
16,15,6
16,17,2
16,19,5
16,20,13
16,21,1
16,23,547
16,24,202
16,25,8
16,26,7053
16,27,2
16,28,172
16,31,135
16,33,92
16,34,2397
16,35,7705
16,36,988
16,37,2
16,38,593
16,39,626
16,40,236
16,41,258
16,42,1555
16,45,51
16,47,1
16,49,3243
16,51,134
16,52,5
16,53,4
16,54,674
16,55,35
16,57,9
16,58,1
16,59,1243
16,60,177
16,62,3
16,63,1952
16,65,1
16,72,1686
16,75,27
16,76,3
16,80,231
16,83,2
16,90,1
16,91,3
16,93,86
16,105,17
17,1,338
17,2,32
17,3,332
17,4,61
17,5,73
17,6,27
17,7,2519
17,8,0
17,9,766
17,10,5
17,11,74
17,12,259
17,13,41
17,14,26
17,15,6
17,18,1787
17,20,116
17,21,1896
17,22,1
17,23,2
17,24,222
17,25,20
17,26,3
17,27,1
17,29,35
17,30,10
17,31,5
17,33,5
17,37,185
17,38,0
17,40,4
17,44,1
17,46,197
17,47,139
17,48,125
17,50,83
17,53,578
17,55,3
17,57,8
17,58,27
17,61,11
17,62,65
17,64,421
17,65,1
17,67,334
17,68,6
17,69,276
17,70,18
17,71,25
17,72,0
17,73,117
17,75,2
17,77,0
17,82,0
17,83,4
17,87,0
17,89,3
17,94,9
17,96,1
17,97,2
17,99,2
17,102,6
17,104,5
17,108,1
17,110,7
17,113,1
18,1,4854
18,2,308
18,3,2643
18,4,161
18,5,7630
18,6,10261
18,7,7957
18,8,45
18,9,939
18,10,14
18,11,122
18,12,3095
18,13,183
18,14,3388
18,15,2234
18,17,3187
18,19,35
18,20,638
18,21,3135
18,22,3
18,23,224
18,24,186
18,25,630
18,26,15
18,27,23
18,28,20
18,29,34
18,30,175
18,31,224
18,33,150
18,34,1
18,37,2609
18,38,195
18,39,2
18,40,64
18,43,6
18,44,9
18,45,2
18,46,282
18,47,275
18,48,80
18,49,2
18,50,725
18,51,69
18,52,1
18,53,306
18,55,1196
18,56,35
18,57,89
18,58,547
18,60,1
18,61,58
18,62,34
18,64,598
18,65,24
18,66,23
18,67,92
18,68,8
18,69,105
18,70,599
18,71,75
18,73,296
18,74,3
18,77,2
18,79,27
18,80,7
18,82,1
18,83,28
18,87,61
18,90,6
18,92,13
18,94,8
18,96,3
18,98,8
18,99,2
18,100,27
18,102,11
18,103,1
18,104,3
18,106,1
18,107,5
18,110,12
18,112,0
18,113,3
18,114,1
19,1,1772
19,2,40274
19,3,132
19,4,277
19,5,2751
19,6,351
19,7,24
19,8,9186
19,9,34
19,10,6
19,11,0
19,12,189
19,13,23
19,14,3337
19,15,101
19,16,31
19,17,0
19,18,129
19,20,84
19,21,5
19,22,68
19,23,206
19,24,213
19,25,5079
19,26,137
19,27,564
19,28,365
19,29,2
19,30,213
19,31,2
19,32,133
19,33,868
19,34,78
19,36,344
19,37,3418
19,38,76
19,39,69
19,40,44
19,41,8
19,42,1
19,43,4001
19,44,24
19,45,2634
19,46,3
19,47,7
19,49,2
19,50,46
19,51,1690
19,52,369
19,53,2
19,54,0
19,55,1698
19,56,474
19,57,5
19,58,9
19,59,2
19,60,1005
19,61,1
19,62,2
19,63,1
19,66,2109
19,68,1
19,70,41
19,72,5
19,75,14
19,78,1058
19,79,272
19,81,627
19,82,345
19,83,2
19,84,186
19,85,120
19,86,6
19,87,646
19,88,212
19,92,139
19,95,80
19,98,2
19,100,34
19,105,1
20,1,1453
20,2,853
20,3,1871
20,4,1356
20,5,29
20,6,209
20,7,1019
20,8,35
20,9,10309
20,10,9
20,11,2109
20,12,2925
20,13,41
20,14,87
20,15,19
20,16,2
20,17,233
20,18,477
20,19,24
20,21,1646
20,22,28
20,23,58
20,24,71
20,25,220
20,26,89
20,27,21
20,28,83
20,29,1182
20,30,581
20,31,37
20,32,47
20,33,89
20,34,5
20,36,7
20,37,47
20,38,28
20,39,16
20,40,437
20,41,3
20,42,3
20,43,5
20,44,0
20,45,67
20,46,11
20,47,91
20,48,12
20,49,5
20,50,35
20,51,359
20,52,11
20,53,1110
20,55,11
20,56,79
20,57,317
20,58,187
20,59,5
20,60,1
20,61,5
20,62,796
20,64,102
20,65,827
20,66,1
20,67,3
20,68,149
20,69,26
20,70,73
20,71,135
20,73,17
20,75,0
20,77,2
20,78,3
20,81,1
20,82,2
20,83,98
20,87,34
20,88,3
20,89,1
20,90,43
20,91,10
20,92,55
20,93,2
20,94,4
20,97,30
20,98,2
20,99,20
20,101,26
20,102,3
20,103,0
20,104,9
20,107,1
20,108,2
20,112,0
20,114,0
21,1,577
21,2,90
21,3,3872
21,4,122
21,5,69
21,6,79
21,7,2615
21,8,29
21,9,3182
21,10,64
21,11,820
21,12,1585
21,13,227
21,14,21
21,15,1
21,16,8
21,17,2723
21,18,2199
21,19,3
21,20,882
21,23,6
21,24,244
21,25,152
21,26,0
21,27,0
21,28,6
21,29,141
21,30,42
21,31,11
21,33,7
21,34,5
21,35,0
21,37,53
21,38,56
21,39,1
21,40,94
21,44,7
21,45,1
21,46,160
21,47,963
21,48,158
21,49,12
21,50,292
21,51,3
21,52,0
21,53,608
21,54,5
21,55,52
21,57,54
21,58,159
21,61,28
21,62,115
21,63,18
21,64,213
21,65,25
21,67,89
21,68,28
21,69,83
21,70,151
21,71,234
21,73,141
21,75,3
21,77,10
21,83,12
21,85,1
21,87,5
21,89,2
21,90,7
21,91,11
21,92,1
21,94,12
21,96,6
21,99,12
21,102,6
21,104,4
21,107,0
21,112,1
21,114,1
22,1,8839
22,2,7734
22,3,2
22,4,18
22,5,7629
22,6,7
22,8,607
22,10,1
22,14,54
22,15,1
22,19,41
22,20,11
22,24,130
22,25,14
22,26,288
22,27,171
22,28,46
22,30,89
22,32,10374
22,33,62
22,37,2
22,40,1
22,43,265
22,44,3
22,45,3
22,51,0
22,52,28
22,56,1
22,57,1
22,58,1
22,62,3
22,68,7
22,82,6
22,88,14
22,95,8
23,1,91196
23,2,41094
23,3,30435
23,4,10074
23,5,782
23,6,7008
23,7,416
23,8,165
23,9,309
23,10,6447
23,11,1068
23,12,763
23,13,9642
23,14,26670
23,15,15140
23,16,4070
23,17,14
23,18,339
23,19,290
23,20,126
23,21,26
23,22,2
23,24,110
23,25,405
23,26,678
23,27,26
23,28,21275
23,29,1
23,30,14
23,31,6352
23,32,2
23,33,81
23,34,382
23,35,872
23,36,9850
23,37,926
23,38,8284
23,39,556
23,40,626
23,41,358
23,42,958
23,43,135
23,44,19
23,45,32
23,46,2
23,47,1
23,49,368
23,50,81
23,51,52
23,52,2
23,53,8
23,54,817
23,55,14
23,56,40
23,57,15
23,58,33
23,59,106
23,60,151
23,62,9
23,63,243
23,64,2
23,65,14
23,66,37
23,68,8
23,70,50
23,71,0
23,72,36
23,73,16
23,74,374
23,75,91
23,76,600
23,77,0
23,78,68
23,79,613
23,80,9
23,81,2
23,83,2
23,84,23
23,85,391
23,86,1
23,87,2
23,88,17
23,90,10
23,91,4
23,93,16
23,95,0
23,98,9
23,100,2
23,105,4
23,109,22
23,115,3
23,116,1
24,1,1924
24,2,212
24,3,1857
24,4,372
24,5,558
24,6,462
24,7,1730
24,8,2289
24,9,30
24,10,359
24,11,90
24,12,153
24,13,229
24,14,81
24,15,48
24,16,14
24,17,187
24,18,30
24,19,70
24,20,7
24,21,110
24,22,62
24,23,20
24,25,1184
24,26,73
24,27,485
24,28,61
24,29,1
24,30,155
24,31,15
24,32,18
24,33,372
24,34,3
24,35,24
24,36,21
24,37,35
24,38,93
24,39,14
24,40,2
24,41,9
24,42,29
24,43,9
24,44,111
24,45,55
24,47,20
24,48,0
24,49,9
24,50,0
24,51,13
24,52,8
24,53,1
24,54,0
24,55,39
24,56,35
24,57,10
24,58,1
24,60,38
24,61,1
24,62,317
24,65,1
24,68,2
24,70,8
24,72,1
24,75,18
24,78,0
24,79,1
24,80,6
24,81,2
24,82,0
24,84,10
24,86,83
24,87,5
24,88,12
24,92,3
24,95,0
25,1,1713
25,2,11585
25,3,988
25,4,877
25,5,1897
25,6,423
25,7,1996
25,8,11482
25,9,308
25,10,64
25,11,25
25,12,7128
25,13,172
25,14,2530
25,15,201
25,16,74
25,17,75
25,18,460
25,19,6913
25,20,258
25,21,142
25,22,57
25,23,223
25,24,2783
25,26,210
25,27,3385
25,28,174
25,29,9
25,30,4814
25,31,45
25,32,125
25,33,6647
25,34,85
25,35,45
25,36,139
25,37,2297
25,38,279
25,39,35
25,40,50
25,41,0
25,43,802
25,44,1616
25,45,6794
25,46,4
25,47,17
25,48,4
25,49,6
25,50,1
25,51,220
25,52,643
25,53,66
25,54,13
25,55,2019
25,56,2174
25,57,397
25,58,55
25,59,2
25,60,595
25,61,81
25,62,36
25,64,28
25,65,0
25,66,316
25,67,3
25,68,140
25,69,1
25,70,151
25,71,10
25,73,0
25,75,10
25,76,5
25,77,0
25,78,522
25,79,22
25,81,115
25,82,94
25,83,2
25,84,54
25,85,28
25,86,159
25,87,656
25,88,234
25,91,2
25,92,262
25,95,34
25,98,7
25,100,30
25,101,6
25,117,1
26,1,10331
26,2,12384
26,3,20066
26,4,13618
26,5,1311
26,6,166
26,7,3
26,8,229
26,9,41
26,10,19771
26,11,196
26,12,3
26,13,265
26,14,2513
26,15,174
26,16,9179
26,17,3
26,18,2
26,19,32
26,20,16
26,22,540
26,23,231
26,24,153
26,25,121
26,27,293
26,28,940
26,30,81
26,31,47
26,32,1467
26,33,2533
26,34,3657
26,35,1059
26,36,1128
26,37,43
26,38,367
26,39,302
26,40,333
26,41,274
26,42,1411
26,43,36
26,44,6
26,45,18
26,47,0
26,49,2393
26,50,41
26,51,1025
26,52,186
26,53,2
26,54,219
26,55,6
26,56,30
26,57,9
26,58,1
26,59,740
26,60,1021
26,62,4
26,63,293
26,65,2
26,72,1502
26,74,0
26,75,53
26,76,2
26,79,9
26,80,4
26,82,419
26,84,5
26,88,111
26,93,150
27,1,996
27,2,6112
27,3,121
27,4,322
27,5,1200
27,6,37
27,7,109
27,8,2030
27,9,135
27,10,25
27,11,4
27,12,163
27,13,2
27,14,34
27,15,22
27,16,3
27,17,2
27,18,9
27,19,521
27,20,82
27,21,25
27,22,20
27,23,1
27,24,948
27,25,2015
27,26,135
27,28,60
27,30,4326
27,32,25
27,33,5739
27,34,1
27,37,175
27,38,13
27,40,6
27,41,7
27,43,217
27,44,873
27,45,1728
27,47,3
27,51,952
27,52,2967
27,53,13
27,55,226
27,56,1198
27,57,12
27,59,3
27,60,195
27,62,7
27,64,2
27,65,1
27,66,16
27,68,2
27,70,0
27,78,4
27,79,1
27,81,9
27,84,0
27,86,3
27,87,25
27,88,227
27,90,2
27,92,0
27,95,4
27,98,5
27,106,1
28,1,47216
28,2,88295
28,3,7861
28,4,2247
28,5,4009
28,6,1084
28,7,6
28,8,141
28,9,18
28,10,2455
28,11,346
28,12,7
28,13,2154
28,14,18247
28,15,1938
28,16,585
28,17,4
28,18,31
28,19,159
28,20,81
28,21,6
28,22,173
28,23,17060
28,24,238
28,25,152
28,26,1284
28,27,66
28,30,38
28,31,474
28,32,413
28,33,151
28,34,34
28,35,337
28,36,6015
28,37,303
28,38,3091
28,39,171
28,40,236
28,41,113
28,42,140
28,43,558
28,44,23
28,45,84
28,46,0
28,48,1
28,49,124
28,50,332
28,51,57
28,52,150
28,54,200
28,55,27
28,56,41
28,58,0
28,59,10
28,60,513
28,62,46
28,63,57
28,65,2
28,66,7
28,70,6
28,72,4
28,74,13
28,75,2073
28,76,19
28,78,5
28,79,145
28,80,53
28,82,51
28,84,11
28,85,24
28,87,2
28,88,97
28,92,0
28,98,10
28,109,2
29,1,168
29,2,20
29,3,73
29,4,615
29,5,8
29,6,39
29,7,26
29,9,2243
29,11,45
29,12,48
29,14,1
29,17,66
29,18,23
29,20,981
29,21,189
29,24,5
29,25,2
29,26,14
29,27,3
29,30,26
29,31,11
29,33,13
29,37,3
29,40,1
29,44,0
29,45,3
29,46,7
29,47,6
29,48,0
29,50,219
29,51,676
29,53,162
29,55,2
29,57,22
29,58,11
29,59,2
29,61,1
29,62,30
29,64,0
29,65,29
29,68,24
29,69,2
29,70,10
29,71,1
29,73,7
29,83,7
29,87,2
29,89,32
29,90,6
29,92,1
29,97,2
29,99,3
29,101,13
29,102,2
29,103,3
30,1,1334
30,2,1188
30,3,268
30,4,310
30,5,182
30,6,50
30,7,120
30,8,528
30,9,422
30,10,2
30,11,46
30,12,1160
30,14,22
30,15,12
30,16,1
30,17,8
30,18,84
30,19,153
30,20,417
30,21,37
30,22,44
30,23,5
30,24,738
30,25,2239
30,26,180
30,27,3857
30,28,36
30,29,33
30,32,58
30,33,2609
30,34,12
30,35,1
30,37,47
30,38,65
30,39,2
30,40,19
30,41,3
30,43,20
30,44,1170
30,45,148
30,46,1
30,47,7
30,48,9
30,50,4
30,51,172
30,52,988
30,53,73
30,54,0
30,55,85
30,56,174
30,57,311
30,58,14
30,60,101
30,61,0
30,62,11
30,64,8
30,65,4
30,66,3
30,68,146
30,69,0
30,70,3
30,75,7
30,78,0
30,82,5
30,84,2
30,86,3
30,87,28
30,88,58
30,90,13
30,92,41
30,95,6
30,101,14
31,1,39305
31,2,296
31,3,9447
31,4,3193
31,5,289
31,6,6914
31,7,97
31,8,14
31,9,149
31,10,1284
31,11,92
31,12,15
31,13,14641
31,14,1332
31,15,2535
31,16,1281
31,17,4
31,18,191
31,19,2
31,20,65
31,21,26
31,23,8071
31,24,178
31,25,37
31,26,475
31,28,543
31,29,3
31,33,14
31,34,779
31,35,523
31,36,633
31,37,17
31,38,950
31,39,248
31,40,280
31,41,522
31,42,445
31,43,6
31,45,0
31,46,3
31,47,8
31,48,2
31,49,237
31,50,46
31,51,37
31,53,3
31,54,281
31,55,1
31,57,12
31,58,4
31,59,36
31,60,128
31,62,4
31,63,140
31,64,1
31,65,0
31,67,2
31,68,0
31,69,2
31,70,8
31,71,1
31,72,7
31,73,3
31,74,5
31,75,62
31,76,549
31,77,0
31,79,10
31,80,63
31,83,3
31,85,0
31,90,2
31,93,70
31,106,0
31,108,1
31,110,1
31,114,0
32,1,2273
32,2,46313
32,3,6
32,4,4
32,5,393
32,6,11
32,7,5
32,8,6587
32,9,4
32,10,38
32,13,0
32,14,89
32,15,9
32,16,2
32,18,7
32,19,190
32,20,116
32,22,18008
32,23,11
32,24,25
32,25,101
32,26,3651
32,27,34
32,28,92
32,30,73
32,33,28
32,36,11
32,37,61
32,38,6
32,40,0
32,42,2
32,43,83
32,44,57
32,45,32
32,46,0
32,50,2
32,51,2
32,52,32
32,58,5
32,60,1
32,68,169
32,75,5
32,78,0
32,81,2
32,82,155
32,86,11
32,88,15
32,95,0
32,96,1
33,1,1528
33,2,2030
33,3,582
33,4,2716
33,5,621
33,6,65
33,7,33
33,8,2776
33,9,861
33,10,180
33,11,25
33,12,54
33,14,59
33,15,25
33,16,112
33,17,1
33,18,46
33,19,482
33,20,63
33,21,9
33,22,31
33,23,4
33,24,1787
33,25,2953
33,26,2179
33,27,5433
33,28,48
33,29,8
33,30,2736
33,31,4
33,32,4
33,34,63
33,35,2
33,36,17
33,37,28
33,38,13
33,39,43
33,40,30
33,41,73
33,42,4
33,43,48
33,44,285
33,45,1573
33,49,54
33,50,3
33,51,586
33,52,672
33,53,28
33,54,19
33,55,197
33,56,309
33,57,68
33,58,7
33,59,68
33,60,908
33,62,5
33,63,12
33,65,5
33,66,2
33,68,8
33,70,2
33,72,11
33,75,43
33,78,3
33,79,3
33,81,8
33,82,1
33,85,36
33,87,23
33,88,82
33,90,14
33,92,83
33,93,11
33,95,0
33,98,32
33,104,1
34,1,3313
34,2,86
34,3,12013
34,4,8686
34,6,24
34,7,28
34,9,44
34,10,847
34,11,183
34,12,9
34,13,686
34,14,14
34,15,1
34,16,1819
34,17,4
34,18,2
34,19,6
34,20,0
34,21,2
34,23,68
34,24,57
34,25,4
34,26,2903
34,27,2
34,28,9
34,31,92
34,33,28
34,35,76
34,36,1661
34,38,463
34,39,349
34,40,3534
34,41,21
34,42,5162
34,45,3
34,47,2
34,49,86
34,50,24
34,51,36
34,52,2
34,54,111
34,55,87
34,59,78
34,60,2150
34,62,11
34,63,1362
34,64,0
34,65,3
34,69,2
34,72,152
34,73,2
34,75,7
34,76,2
34,78,25
34,80,93
34,88,2
34,91,22
34,93,302
35,1,27182
35,2,175
35,3,34196
35,4,1221
35,6,53
35,7,18
35,8,1
35,9,17
35,10,2819
35,11,185
35,12,2
35,13,2978
35,14,98
35,15,6
35,16,5508
35,17,2
35,18,1
35,19,1
35,20,5
35,21,2
35,23,157
35,24,137
35,25,2
35,26,731
35,27,2
35,28,136
35,31,69
35,34,88
35,36,445
35,38,296
35,39,133
35,40,146
35,41,111
35,42,1464
35,43,1
35,49,1577
35,50,2
35,51,18
35,53,13
35,54,163
35,58,0
35,59,6
35,60,108
35,62,5
35,63,111
35,69,0
35,71,2
35,72,440
35,73,5
35,75,12
35,80,215
35,83,3
35,88,0
35,91,2
35,93,0
35,107,1
35,108,2
36,1,67030
36,2,54485
36,3,16725
36,4,5296
36,5,176
36,6,146
36,7,1
36,8,57
36,9,7
36,10,7118
36,11,430
36,12,2
36,13,3327
36,14,4851
36,15,75
36,16,2812
36,19,151
36,20,6
36,21,3
36,23,6606
36,24,204
36,25,46
36,26,2751
36,27,5
36,28,6351
36,30,2
36,31,370
36,32,3
36,33,42
36,34,4023
36,35,1320
36,37,23
36,38,4268
36,39,2978
36,40,185
36,41,1490
36,42,1242
36,43,67
36,45,22
36,49,472
36,50,2
36,51,404
36,52,23
36,54,1142
36,56,14
36,58,0
36,59,404
36,60,2133
36,62,0
36,63,932
36,65,11
36,66,7
36,72,176
36,73,3
36,74,6
36,75,27
36,76,2
36,78,64
36,79,2
36,80,94
36,85,43
36,87,0
36,88,9
36,93,39
36,109,2
37,1,1840
37,2,24587
37,3,422
37,4,117
37,5,4225
37,6,652
37,7,3201
37,8,1995
37,9,72
37,10,12
37,11,2
37,12,782
37,13,91
37,14,22558
37,15,830
37,16,1
37,17,230
37,18,2559
37,19,3582
37,20,44
37,21,60
37,22,31
37,23,1172
37,24,149
37,25,2220
37,26,170
37,27,582
37,28,439
37,30,126
37,31,49
37,32,41
37,33,311
37,34,3
37,36,46
37,38,481
37,39,8
37,40,39
37,41,2
37,43,6493
37,44,11
37,45,532
37,46,4
37,47,3
37,48,24
37,50,1
37,51,180
37,52,403
37,53,2
37,54,28
37,55,599
37,56,4823
37,57,29
37,58,34
37,60,149
37,61,35
37,62,2
37,63,9
37,64,46
37,65,1
37,66,167
37,67,13
37,69,0
37,70,38
37,71,3
37,73,3
37,76,9
37,78,170
37,79,137
37,81,263
37,82,618
37,84,370
37,85,42
37,86,27
37,87,208
37,88,93
37,92,21
37,95,5
37,98,126
37,100,21
37,107,1
37,116,0
38,1,42684
38,2,4047
38,3,20028
38,4,8044
38,5,1729
38,6,976
38,7,141
38,8,8
38,9,467
38,10,4865
38,11,966
38,12,662
38,13,1059
38,14,8742
38,15,468
38,16,1932
38,17,17
38,18,106
38,19,75
38,20,75
38,21,83
38,23,4294
38,24,256
38,25,195
38,26,544
38,27,3
38,28,1821
38,30,108
38,31,837
38,32,1
38,33,26
38,34,786
38,35,831
38,36,3268
38,37,414
38,39,187
38,40,663
38,41,286
38,42,470
38,43,15
38,44,0
38,45,9
38,47,28
38,49,242
38,50,2
38,51,238
38,53,3
38,54,542
38,55,444
38,56,1
38,57,4
38,58,8
38,59,70
38,60,153
38,61,1
38,62,20
38,63,69
38,64,5
38,65,58
38,69,1
38,70,3
38,71,7
38,72,6
38,73,4
38,74,6
38,75,115
38,76,2
38,78,1
38,79,1
38,80,3
38,85,29
38,87,12
38,88,3
38,90,4
38,91,126
38,92,24
38,93,7
38,94,0
38,98,8
38,108,13
39,1,10164
39,2,1145
39,3,8635
39,4,2086
39,5,7
39,6,32
39,7,25
39,8,5
39,9,73
39,10,3364
39,11,162
39,12,16
39,13,1095
39,14,78
39,15,4
39,16,651
39,17,5
39,18,2
39,19,33
39,20,74
39,21,10
39,23,244
39,24,57
39,25,3
39,26,787
39,28,68
39,29,3
39,30,1
39,31,34
39,33,44
39,34,598
39,35,221
39,36,4016
39,37,6
39,38,220
39,40,141
39,41,295
39,42,765
39,43,2
39,46,4
39,49,170
39,50,92
39,51,81
39,53,2
39,54,1350
39,55,4
39,57,12
39,59,1918
39,60,405
39,62,3
39,63,1933
39,65,17
39,71,2
39,72,30
39,75,95
39,78,10
39,79,0
39,80,30
39,88,4
39,91,0
39,93,137
39,98,1
39,105,2
40,1,10110
40,2,119
40,3,16926
40,4,10538
40,5,36
40,6,353
40,7,48
40,8,15
40,9,1663
40,10,283
40,11,407
40,12,166
40,13,108
40,14,7
40,15,0
40,16,286
40,17,4
40,18,44
40,19,40
40,20,571
40,21,183
40,23,151
40,24,28
40,25,26
40,26,384
40,27,1
40,28,64
40,29,18
40,30,11
40,31,49
40,33,15
40,34,5485
40,35,156
40,36,59
40,37,7
40,38,517
40,39,126
40,41,73
40,42,473
40,43,25
40,45,11
40,46,9
40,47,2
40,49,59
40,50,18
40,51,81
40,52,2
40,53,12
40,54,57
40,55,49
40,57,15
40,58,5
40,59,91
40,60,1301
40,62,93
40,63,47
40,64,13
40,65,139
40,70,87
40,71,0
40,72,54
40,73,20
40,75,24
40,80,2
40,83,114
40,85,5
40,90,7
40,91,10
40,93,31
40,94,2
40,95,0
40,102,6
40,104,1
40,114,8
41,1,18462
41,2,1247
41,3,6484
41,4,5193
41,5,7
41,6,114
41,7,11
41,8,3
41,9,1259
41,10,1288
41,11,89
41,12,0
41,13,528
41,14,29
41,15,5
41,16,190
41,17,2
41,19,4
41,20,2
41,22,2
41,23,92
41,24,43
41,26,206
41,27,2
41,28,133
41,30,6
41,31,114
41,33,76
41,34,19
41,35,289
41,36,864
41,37,0
41,38,118
41,39,156
41,40,66
41,42,714
41,45,3
41,49,40
41,50,1
41,51,16
41,54,342
41,55,18
41,57,2
41,58,1
41,59,254
41,60,132
41,62,4
41,63,218
41,65,9
41,71,0
41,72,8
41,73,6
41,74,0
41,75,4
41,78,7
41,80,7
41,91,6
41,93,6
42,1,21200
42,2,109
42,3,16077
42,4,4482
42,5,2
42,6,6
42,7,18
42,9,24
42,10,1128
42,11,294
42,12,0
42,13,1044
42,14,11
42,15,0
42,16,1258
42,18,1
42,21,3
42,23,152
42,24,61
42,26,1339
42,28,58
42,31,90
42,33,15
42,34,3422
42,35,1488
42,36,406
42,38,172
42,39,356
42,40,381
42,41,505
42,45,0
42,46,1
42,48,1
42,49,68
42,50,0
42,51,16
42,54,1611
42,57,11
42,59,77
42,60,281
42,62,8
42,63,69
42,65,5
42,71,2
42,72,68
42,75,2
42,80,9
42,83,0
42,91,16
42,93,10
43,1,1022
43,2,11627
43,3,118
43,4,86
43,5,2630
43,6,534
43,7,0
43,8,4035
43,9,18
43,10,7
43,11,0
43,12,4
43,14,3436
43,15,47
43,17,0
43,19,3386
43,20,15
43,22,417
43,23,39
43,24,6
43,25,399
43,26,41
43,27,361
43,28,518
43,30,102
43,32,84
43,33,112
43,34,18
43,36,29
43,37,3261
43,38,3
43,39,0
43,40,78
43,41,7
43,42,1
43,44,6
43,45,771
43,49,1
43,51,306
43,52,57
43,53,1
43,54,1
43,55,16
43,56,64
43,57,6
43,58,4
43,59,12
43,60,236
43,63,1
43,66,75
43,72,0
43,75,2
43,76,2
43,78,115
43,79,0
43,81,309
43,82,143
43,84,131
43,85,1
43,88,36
43,92,2
43,95,43
43,100,3
44,1,592
44,2,1246
44,3,5
44,4,8
44,5,11
44,6,9
44,7,70
44,8,3463
44,9,15
44,10,5
44,12,2
44,14,28
44,15,1
44,17,2
44,18,2
44,19,23
44,20,8
44,21,2
44,22,12
44,23,2
44,24,87
44,25,1039
44,26,17
44,27,631
44,28,27
44,30,963
44,32,75
44,33,147
44,35,0
44,36,6
44,37,2
44,38,13
44,40,2
44,43,18
44,45,28
44,51,8
44,52,5
44,55,0
44,56,8
44,57,3
44,60,3
44,62,4
44,68,223
44,87,2
44,88,0
44,92,0
44,95,0
45,1,686
45,2,2123
45,3,42
45,4,795
45,5,81
45,6,166
45,7,97
45,8,3178
45,9,191
45,10,2
45,11,4
45,12,25
45,14,928
45,15,61
45,16,64
45,17,5
45,18,6
45,19,1725
45,20,41
45,22,4
45,23,6
45,24,204
45,25,3219
45,26,71
45,27,2512
45,28,94
45,29,8
45,30,398
45,32,3
45,33,1774
45,34,23
45,35,1
45,36,23
45,37,301
45,38,3
45,39,2
45,40,75
45,42,1
45,43,762
45,44,58
45,49,8
45,50,3
45,51,167
45,52,1025
45,55,135
45,56,1566
45,57,13
45,58,3
45,60,289
45,63,0
45,65,6
45,66,8
45,68,3
45,70,1
45,78,14
45,81,57
45,82,5
45,84,6
45,86,39
45,87,33
45,88,181
45,91,0
45,92,2
45,94,1
45,95,44
45,100,0
46,1,61
46,2,2
46,3,32
46,5,47
46,6,32
46,7,466
46,9,14
46,11,3
46,12,424
46,13,12
46,15,4
46,17,176
46,18,153
46,20,1
46,21,212
46,22,0
46,24,0
46,25,2
46,29,15
46,30,3
46,37,5
46,38,1
46,39,0
46,40,8
46,45,0
46,47,7
46,48,40
46,50,93
46,51,1
46,53,10
46,56,1
46,57,16
46,58,55
46,61,28
46,64,12
46,67,4
46,68,0
46,69,6
46,70,8
46,71,5
46,73,31
46,77,1
46,94,7
46,96,2
46,97,5
46,99,2
46,102,0
46,103,1
46,106,1
46,107,1
46,112,1
46,113,1
46,114,3
47,1,106
47,2,2
47,3,1498
47,4,543
47,5,4
47,6,19
47,7,209
47,9,2906
47,11,4258
47,12,220
47,13,74
47,17,330
47,18,163
47,20,141
47,21,1205
47,23,2
47,24,68
47,25,6
47,26,1
47,28,4
47,29,10
47,30,3
47,31,0
47,33,3
47,35,17
47,37,18
47,38,39
47,39,0
47,40,12
47,42,0
47,44,0
47,46,5
47,48,181
47,49,11
47,50,7
47,51,3
47,53,53
47,55,29
47,57,4
47,58,1
47,60,0
47,61,0
47,62,85
47,64,27
47,65,31
47,67,47
47,68,0
47,69,14
47,70,2
47,71,259
47,73,13
47,75,96
47,77,0
47,83,41
47,94,10
47,99,0
47,105,2
48,1,221
48,2,2
48,3,665
48,4,41
48,5,58
48,6,75
48,7,1403
48,8,0
48,9,484
48,10,27
48,11,76
48,12,228
48,13,10
48,14,53
48,15,2
48,16,4
48,17,385
48,18,75
48,20,62
48,21,388
48,24,22
48,25,18
48,29,5
48,30,5
48,35,4
48,37,15
48,38,28
48,40,0
48,42,1
48,44,0
48,46,51
48,47,395
48,49,4
48,50,8
48,53,20
48,54,2
48,55,2
48,56,2
48,57,9
48,58,8
48,61,42
48,62,5
48,64,54
48,65,3
48,66,1
48,67,150
48,68,9
48,69,95
48,70,2
48,71,12
48,73,5
48,75,17
48,99,11
48,103,1
48,112,0
49,1,7469
49,2,43
49,3,12969
49,4,1282
49,6,15
49,7,12
49,9,596
49,10,11347
49,11,477
49,12,0
49,13,671
49,14,10
49,16,2441
49,17,2
49,20,4
49,21,28
49,23,76
49,24,39
49,26,1879
49,28,19
49,31,56
49,33,15
49,34,54
49,35,1856
49,36,130
49,38,191
49,39,19
49,40,55
49,41,10
49,42,63
49,45,3
49,46,0
49,47,36
49,50,2
49,51,36
49,53,2
49,54,108
49,57,3
49,58,0
49,59,22
49,60,39
49,62,3
49,63,131
49,65,15
49,71,0
49,72,25
49,75,4
49,76,2
49,77,0
49,80,3
49,83,7
49,93,19
49,105,2
50,1,3977
50,2,283
50,3,1316
50,4,241
50,5,2982
50,6,1914
50,7,39
50,9,253
50,10,21
50,11,144
50,12,10
50,13,110
50,14,55
50,15,112
50,16,7
50,17,69
50,18,460
50,19,16
50,20,11
50,21,230
50,23,78
50,24,17
50,26,99
50,27,1
50,28,319
50,29,158
50,30,0
50,31,18
50,33,14
50,34,58
50,35,7
50,36,3
50,37,5
50,38,7
50,39,253
50,40,23
50,42,26
50,44,0
50,45,0
50,46,87
50,47,4
50,48,0
50,49,3
50,51,7
50,52,1
50,53,20
50,54,12
50,58,108
50,59,10
50,60,28
50,62,1
50,63,12
50,64,0
50,65,10
50,66,7
50,67,0
50,68,0
50,69,10
50,70,9
50,71,2
50,73,50
50,74,3
50,75,381
50,77,0
50,78,1
50,79,3
50,80,0
50,87,1
50,88,0
50,90,1
50,93,38
50,94,2
50,99,6
50,102,5
51,1,1253
51,2,1873
51,3,1941
51,4,3779
51,5,562
51,6,678
51,7,1
51,8,187
51,9,1880
51,10,208
51,11,295
51,12,14
51,13,10
51,14,126
51,16,424
51,17,4
51,18,50
51,19,1247
51,20,395
51,21,8
51,22,4
51,23,23
51,24,120
51,25,62
51,26,1271
51,27,945
51,28,65
51,29,603
51,30,92
51,31,5
51,32,4
51,33,465
51,34,92
51,35,45
51,36,400
51,37,115
51,38,223
51,39,114
51,40,64
51,41,25
51,42,49
51,43,277
51,44,2
51,45,57
51,47,2
51,49,101
51,50,2
51,52,96
51,53,2
51,54,13
51,55,13
51,56,21
51,57,13
51,58,3
51,59,1510
51,60,386
51,62,12
51,63,15
51,65,285
51,66,6
51,69,1
51,71,0
51,72,20
51,75,12
51,78,12
51,79,13
51,81,36
51,82,0
51,83,2
51,85,3
51,88,38
51,89,4
51,90,32
51,91,25
51,93,10
51,95,5
51,99,1
51,108,1
52,1,403
52,2,7923
52,3,35
52,4,278
52,5,768
52,6,15
52,8,546
52,9,2
52,10,29
52,14,14
52,15,4
52,16,4
52,18,1
52,19,248
52,20,20
52,22,26
52,23,6
52,24,26
52,25,175
52,26,371
52,27,3977
52,28,91
52,30,919
52,32,12
52,33,580
52,34,2
52,36,6
52,37,203
52,38,12
52,39,2
52,40,2
52,41,5
52,43,59
52,44,7
52,45,571
52,51,175
52,54,4
52,55,8
52,56,1024
52,59,4
52,60,277
52,66,4
52,68,2
52,75,3
52,78,0
52,82,2
52,85,6
52,88,312
52,95,3
52,98,0
53,1,105
53,2,4
53,3,1165
53,4,67
53,5,7
53,6,6
53,7,106
53,8,0
53,9,1271
53,10,72
53,11,376
53,12,1204
53,13,46
53,14,5
53,17,941
53,18,317
53,20,497
53,21,635
53,23,1
53,24,2
53,25,30
53,27,11
53,29,106
53,30,125
53,33,23
53,35,3
53,37,7
53,38,3
53,39,3
53,40,6
53,42,2
53,46,24
53,47,52
53,48,2
53,50,90
53,51,5
53,55,20
53,57,122
53,58,120
53,61,3
53,62,51
53,64,60
53,65,12
53,67,2
53,68,5
53,69,22
53,70,26
53,71,8
53,73,66
53,75,0
53,77,1
53,83,4
53,89,2
53,90,0
53,94,0
53,97,0
53,99,7
53,101,5
53,102,6
53,103,3
53,104,2
54,1,15538
54,2,1043
54,3,8999
54,4,830
54,5,3
54,6,11
54,7,2
54,8,0
54,9,33
54,10,5696
54,11,202
54,13,1922
54,14,39
54,15,1
54,16,1296
54,17,0
54,19,0
54,21,0
54,23,325
54,24,10
54,25,2
54,26,185
54,27,3
54,28,97
54,31,28
54,33,48
54,34,114
54,35,336
54,36,623
54,37,7
54,38,545
54,39,653
54,40,29
54,41,525
54,42,2736
54,49,204
54,50,3
54,51,9
54,53,1
54,58,0
54,59,247
54,60,80
54,62,1
54,63,1786
54,72,93
54,74,3
54,75,13
54,77,0
54,78,24
54,80,9
54,85,8
54,98,0
54,105,2
55,1,154
55,2,404
55,3,2147
55,4,523
55,5,310
55,6,106
55,7,933
55,8,139
55,9,871
55,10,3
55,11,360
55,12,1081
55,13,2
55,14,474
55,15,13
55,16,37
55,17,33
55,18,1668
55,19,977
55,20,21
55,21,56
55,23,18
55,24,139
55,25,2181
55,26,2
55,27,311
55,28,24
55,30,162
55,32,2
55,33,244
55,34,110
55,37,438
55,38,581
55,40,137
55,41,87
55,42,0
55,43,36
55,44,8
55,45,173
55,46,4
55,47,38
55,48,0
55,50,2
55,51,24
55,52,10
55,53,17
55,56,42
55,57,10
55,58,8
55,59,0
55,60,70
55,61,6
55,62,48
55,63,0
55,64,42
55,65,8
55,66,92
55,67,2
55,69,1
55,70,152
55,71,2
55,73,2
55,75,51
55,78,2
55,79,2
55,81,29
55,82,5
55,83,4
55,86,3
55,87,149
55,88,4
55,90,8
55,91,34
55,92,0
55,93,3
55,95,2
55,98,10
55,100,13
56,1,118
56,2,3521
56,3,34
56,4,60
56,5,183
56,6,3
56,7,61
56,8,215
56,9,1
56,10,18
56,12,28
56,13,0
56,14,265
56,15,30
56,17,2
56,18,2
56,19,242
56,20,47
56,21,2
56,22,1
56,23,24
56,24,70
56,25,1212
56,26,50
56,27,1843
56,28,40
56,30,391
56,31,1
56,32,6
56,33,462
56,36,15
56,37,1809
56,40,1
56,41,7
56,43,97
56,44,16
56,45,1545
56,51,80
56,52,1423
56,55,36
56,57,8
56,60,93
56,66,0
56,78,8
56,79,0
56,81,18
56,85,6
56,86,0
56,87,1
56,88,274
56,95,2
56,98,1
56,109,5
57,1,851
57,2,207
57,3,762
57,4,31
57,5,66
57,6,75
57,7,164
57,8,11
57,9,111
57,10,31
57,11,20
57,12,1792
57,13,19
57,14,34
57,16,9
57,17,28
57,18,82
57,19,1
57,20,460
57,21,121
57,22,7
57,23,9
57,24,49
57,25,179
57,26,3
57,27,17
57,29,24
57,30,588
57,31,2
57,33,97
57,34,0
57,35,7
57,37,8
57,38,6
57,39,10
57,40,5
57,42,1
57,44,9
57,46,10
57,47,11
57,48,10
57,50,1
57,51,21
57,52,2
57,53,239
57,55,3
57,56,0
57,58,124
57,61,20
57,62,24
57,64,69
57,70,19
57,71,6
57,75,2
57,83,32
57,87,2
57,90,2
57,92,3
57,101,9
57,102,4
57,104,1
57,111,1
58,1,518
58,2,71
58,3,584
58,4,87
58,5,50
58,6,88
58,7,62
58,8,5
58,9,101
58,10,14
58,11,91
58,12,273
58,13,34
58,14,15
58,15,9
58,16,2
58,17,84
58,18,369
58,19,0
58,20,105
58,21,191
58,22,2
58,23,21
58,24,18
58,25,51
58,26,0
58,27,0
58,28,0
58,29,10
58,30,8
58,31,0
58,32,0
58,37,28
58,38,6
58,39,0
58,40,7
58,42,0
58,43,6
58,45,0
58,46,97
58,47,16
58,48,4
58,50,69
58,51,2
58,53,115
58,55,1
58,57,70
58,59,0
58,62,2
58,63,0
58,64,19
58,65,2
58,67,4
58,68,91
58,69,6
58,71,0
58,73,23
58,75,16
58,77,1
58,88,1
58,90,2
58,92,0
58,94,2
58,96,8
58,97,1
58,99,1
58,102,2
58,103,6
58,106,5
58,113,1
59,1,3530
59,2,73
59,3,7872
59,4,3358
59,5,9
59,6,22
59,7,3
59,8,0
59,9,60
59,10,5113
59,11,67
59,12,0
59,13,599
59,14,3
59,15,2
59,16,2241
59,20,2
59,21,2
59,23,84
59,24,12
59,26,703
59,28,28
59,29,3
59,31,3
59,33,12
59,34,127
59,35,41
59,36,187
59,38,71
59,39,1472
59,40,85
59,41,207
59,42,125
59,49,57
59,50,7
59,51,1866
59,54,267
59,55,2
59,57,3
59,58,0
59,60,79
59,62,0
59,63,816
59,65,15
59,72,23
59,75,12
59,78,2
59,80,2
59,90,3
59,91,3
59,93,70
60,1,6891
60,2,3945
60,3,7166
60,4,5745
60,5,116
60,6,198
60,7,4
60,8,805
60,9,61
60,10,502
60,11,65
60,12,21
60,13,156
60,14,211
60,15,43
60,16,632
60,18,1
60,19,1197
60,20,21
60,21,2
60,22,1
60,23,111
60,24,299
60,25,595
60,26,2371
60,27,516
60,28,359
60,30,256
60,31,120
60,32,9
60,33,2441
60,34,3430
60,35,157
60,36,2686
60,37,113
60,38,165
60,39,1334
60,40,1367
60,41,361
60,42,542
60,43,382
60,44,7
60,45,378
60,46,1
60,49,173
60,50,12
60,51,683
60,52,170
60,54,141
60,55,35
60,56,22
60,57,4
60,58,0
60,59,169
60,62,2
60,63,126
60,65,6
60,66,2
60,72,364
60,75,30
60,78,139
60,80,2
60,82,0
60,84,6
60,85,7
60,88,93
60,91,4
60,93,44
60,95,1
61,1,8
61,3,28
61,5,0
61,6,4
61,7,2636
61,9,52
61,11,3
61,12,881
61,14,13
61,17,4
61,18,33
61,20,3
61,21,81
61,24,5
61,25,9
61,29,0
61,37,5
61,38,1
61,46,4
61,47,22
61,48,22
61,50,0
61,53,0
61,57,1
61,58,2
61,62,3
61,64,43
61,65,0
61,67,1
61,73,0
61,99,0
61,101,0
61,104,1
61,107,1
61,112,6
62,1,30
62,2,8
62,3,74
62,4,133
62,5,2
62,6,3
62,7,41
62,8,11
62,9,394
62,10,1
62,11,127
62,12,104
62,15,2
62,17,31
62,18,0
62,19,1
62,20,125
62,21,18
62,23,1
62,24,332
62,25,1
62,26,10
62,27,5
62,28,4
62,29,7
62,30,0
62,33,11
62,38,2
62,40,1
62,45,0
62,47,4
62,58,0
62,60,0
62,65,7
62,68,4
62,80,7
62,83,13
63,1,2319
63,2,66
63,3,4294
63,4,810
63,6,3
63,7,2
63,8,1
63,9,29
63,10,840
63,11,102
63,12,2
63,13,647
63,14,18
63,16,2139
63,19,3
63,20,0
63,21,1
63,23,56
63,24,4
63,25,2
63,26,126
63,28,7
63,31,49
63,34,1618
63,35,242
63,36,542
63,38,41
63,39,1125
63,40,77
63,41,264
63,42,70
63,43,2
63,49,182
63,50,0
63,51,5
63,54,2033
63,55,3
63,59,721
63,60,88
63,62,0
63,65,2
63,71,2
63,72,237
63,75,7
63,80,24
63,85,1
63,91,1
63,93,102
64,1,40
64,2,26
64,3,373
64,5,14
64,6,16
64,7,471
64,9,118
64,11,5
64,12,1272
64,13,5
64,14,34
64,15,1
64,17,1406
64,18,482
64,19,4
64,20,49
64,21,366
64,23,5
64,24,5
64,25,48
64,26,2
64,29,0
64,30,26
64,37,23
64,38,1
64,40,1
64,46,8
64,47,37
64,48,8
64,50,4
64,53,79
64,55,35
64,57,66
64,58,54
64,61,162
64,62,19
64,65,13
64,67,31
64,68,2
64,69,8
64,70,10
64,71,38
64,73,10
64,77,2
64,85,1
64,87,31
64,94,5
64,108,1
64,111,17
65,1,811
65,2,2
65,3,3238
65,4,6461
65,6,60
65,7,8
65,8,1
65,9,2210
65,10,39
65,11,4154
65,12,30
65,13,9
65,16,7
65,17,5
65,18,25
65,19,2
65,20,1248
65,21,79
65,23,8
65,24,16
65,25,1
65,26,14
65,29,51
65,30,4
65,31,9
65,33,8
65,34,89
65,35,2
65,36,4
65,38,66
65,39,34
65,40,375
65,41,12
65,42,23
65,46,1
65,47,134
65,49,25
65,50,5
65,51,568
65,53,15
65,54,2
65,55,8
65,58,2
65,59,42
65,60,38
65,62,53
65,63,9
65,64,6
65,69,0
65,70,4
65,71,62
65,73,2
65,75,3
65,77,1
65,83,7
65,90,15
65,91,152
65,108,25
65,114,1
66,1,82
66,2,826
66,4,1
66,5,2180
66,6,4
66,8,53
66,12,3
66,13,0
66,14,627
66,15,97
66,18,9
66,19,1963
66,22,0
66,23,3
66,24,4
66,25,111
66,26,22
66,27,3
66,28,1
66,30,2
66,32,3
66,33,9
66,36,10
66,37,141
66,43,109
66,44,0
66,50,2
66,51,12
66,55,118
66,56,4
66,70,1
66,78,14
66,79,0
66,81,35
66,82,4
66,84,138
66,85,2
66,87,28
66,95,1
66,98,1
66,100,13
67,1,18
67,3,38
67,5,7
67,6,17
67,7,172
67,9,2
67,11,3
67,12,16
67,14,4
67,15,2
67,17,397
67,18,41
67,20,6
67,21,103
67,25,3
67,30,2
67,37,15
67,44,1
67,46,7
67,47,40
67,48,558
67,50,0
67,58,0
67,64,4
67,65,0
67,68,0
67,69,93
67,71,1
67,73,12
67,75,3
67,94,0
67,99,0
67,102,0
68,1,716
68,2,303
68,3,11
68,4,117
68,5,40
68,6,275
68,7,72
68,8,407
68,9,255
68,10,1
68,11,16
68,12,3
68,14,3
68,15,3
68,17,3
68,18,1
68,19,7
68,20,30
68,21,16
68,22,4
68,24,5
68,25,78
68,27,25
68,29,61
68,30,169
68,31,4
68,32,238
68,33,10
68,35,0
68,41,2
68,44,196
68,45,3
68,46,3
68,47,1
68,48,0
68,50,8
68,51,0
68,53,3
68,57,1
68,58,39
68,60,0
68,65,3
68,69,17
68,70,0
68,96,2
68,103,0
69,1,23
69,2,5
69,3,47
69,4,17
69,6,6
69,7,35
69,9,43
69,10,2
69,11,15
69,12,12
69,17,155
69,18,27
69,21,31
69,25,0
69,29,2
69,30,0
69,31,1
69,37,0
69,46,4
69,47,29
69,48,90
69,50,1
69,53,1
69,57,1
69,58,1
69,65,5
69,67,43
69,68,7
69,73,16
69,77,3
69,99,1
69,114,0
70,1,39
70,2,3
70,3,335
70,4,5
70,5,112
70,6,127
70,7,506
70,8,4
70,9,413
70,11,52
70,12,3205
70,13,11
70,14,65
70,15,2
70,17,61
70,18,1078
70,19,2
70,20,248
70,21,325
70,23,41
70,24,2
70,25,104
70,28,4
70,29,10
70,30,19
70,31,1
70,33,1
70,37,95
70,38,26
70,40,77
70,42,0
70,46,18
70,47,11
70,48,1
70,50,20
70,53,94
70,55,243
70,57,26
70,58,5
70,61,23
70,62,51
70,64,38
70,65,11
70,69,1
70,71,5
70,73,1
70,77,3
70,85,0
70,87,2
70,89,0
70,91,3
70,94,0
70,99,4
70,100,1
70,102,0
70,108,2
70,110,2
70,114,1
71,1,17
71,3,1661
71,4,96
71,7,164
71,9,1214
71,10,129
71,11,2463
71,12,132
71,13,82
71,16,15
71,17,85
71,18,111
71,20,310
71,21,784
71,23,4
71,24,4
71,25,3
71,29,12
71,30,0
71,31,2
71,34,1
71,35,2
71,37,6
71,38,10
71,40,0
71,42,3
71,46,1
71,47,406
71,48,0
71,49,4
71,50,17
71,51,2
71,53,20
71,57,13
71,58,2
71,62,33
71,64,147
71,65,99
71,67,0
71,69,1
71,70,0
71,73,6
71,75,5
71,77,60
71,83,21
71,90,10
71,94,2
71,99,1
71,104,1
71,108,1
71,111,2
72,1,715
72,2,7
72,3,6356
72,4,1030
72,7,0
72,9,0
72,10,125
72,12,0
72,13,24
72,14,2
72,16,1349
72,17,2
72,23,10
72,24,13
72,26,1311
72,28,2
72,31,1
72,33,6
72,34,88
72,35,376
72,36,26
72,38,2
72,39,26
72,40,31
72,41,3
72,42,60
72,49,39
72,51,19
72,54,163
72,59,38
72,60,92
72,63,134
72,75,3
72,80,6
72,88,2
72,93,17
73,1,2720
73,2,2
73,3,1112
73,4,945
73,6,52
73,7,6
73,9,41
73,10,26
73,11,26
73,13,31
73,15,0
73,16,21
73,17,73
73,18,25
73,21,34
73,23,24
73,24,7
73,26,13
73,28,13
73,31,10
73,33,1
73,34,12
73,35,24
73,36,7
73,37,0
73,38,18
73,39,5
73,40,266
73,41,40
73,42,19
73,45,0
73,46,11
73,47,3
73,49,20
73,50,23
73,51,2
73,53,9
73,54,2
73,58,5
73,59,5
73,60,11
73,63,1
73,64,1
73,65,0
73,69,1
73,77,0
73,89,1
73,90,2
73,93,0
73,96,0
73,106,1
73,107,0
74,1,2865
74,2,45
74,3,17
74,4,6
74,5,87
74,6,2441
74,10,8
74,13,242
74,14,259
74,15,1575
74,18,4
74,23,347
74,24,0
74,26,0
74,28,2
74,31,12
74,36,1
74,38,4
74,54,4
74,76,0
74,79,4
75,1,1220
75,2,257
75,3,1842
75,4,320
75,5,20
75,6,294
75,8,21
75,9,63
75,10,118
75,11,546
75,12,6
75,13,165
75,14,89
75,15,38
75,16,84
75,19,10
75,20,7
75,21,9
75,22,0
75,23,101
75,24,27
75,25,26
75,26,288
75,27,21
75,28,1286
75,30,2
75,31,18
75,32,0
75,33,75
75,34,90
75,35,14
75,36,20
75,37,7
75,38,84
75,39,123
75,40,72
75,41,17
75,42,10
75,43,43
75,44,3
75,45,2
75,47,131
75,48,22
75,49,5
75,50,349
75,51,7
75,52,14
75,54,26
75,55,79
75,57,2
75,58,4
75,59,14
75,60,26
75,62,0
75,63,29
75,67,2
75,69,1
75,72,14
75,74,2
75,78,2
75,80,12
75,85,2
75,88,6
75,93,36
75,94,1
76,1,311
76,2,25
76,3,108
76,4,11
76,5,394
76,6,1961
76,7,1
76,8,0
76,10,11
76,12,0
76,13,184
76,14,450
76,15,3679
76,16,19
76,17,3
76,18,17
76,19,9
76,23,1197
76,24,4
76,25,1
76,26,2
76,28,28
76,30,0
76,31,1699
76,34,13
76,35,2
76,36,13
76,37,46
76,38,5
76,39,25
76,40,16
76,41,7
76,42,4
76,43,1
76,49,5
76,51,0
76,54,5
76,62,0
76,72,2
76,74,3
76,79,52
76,80,3
76,85,0
76,103,1
77,1,10
77,2,0
77,3,32
77,4,39
77,9,104
77,11,267
77,12,0
77,16,4
77,17,2
77,19,0
77,21,3
77,24,0
77,46,0
77,58,0
77,62,1
77,71,2
78,1,149
78,2,6229
78,3,22
78,4,6
78,5,28
78,6,16
78,8,21
78,13,3
78,14,184
78,15,0
78,16,6
78,19,839
78,20,1
78,23,83
78,24,0
78,25,421
78,26,6
78,27,8
78,28,14
78,32,6
78,33,3
78,34,150
78,36,197
78,37,89
78,38,9
78,39,54
78,40,0
78,41,8
78,42,36
78,43,118
78,45,8
78,50,11
78,51,9
78,52,17
78,54,13
78,56,1
78,60,271
78,66,16
78,72,3
78,75,2
78,79,0
78,82,8
78,84,4
78,85,10
78,88,4
78,100,1
79,1,247
79,2,3941
79,3,8
79,4,1
79,5,38
79,6,319
79,7,1
79,8,7
79,10,3
79,12,12
79,13,3
79,14,3362
79,15,353
79,18,8
79,19,251
79,23,1292
79,24,0
79,25,8
79,26,3
79,28,179
79,31,5
79,33,3
79,36,57
79,37,274
79,38,14
79,39,2
79,43,20
79,49,2
79,50,7
79,51,3
79,52,2
79,54,2
79,56,5
79,60,4
79,74,6
79,76,47
79,78,5
79,81,1
79,82,0
79,84,7
79,85,38
79,88,3
79,98,5
79,116,6
80,1,2667
80,2,8
80,3,3376
80,4,192
80,5,1
80,6,1
80,7,2
80,9,14
80,10,2092
80,11,6
80,12,3
80,13,656
80,16,393
80,18,7
80,21,2
80,23,2
80,24,7
80,25,5
80,26,14
80,28,32
80,31,16
80,34,100
80,35,495
80,36,29
80,38,5
80,39,15
80,40,18
80,41,7
80,42,53
80,49,1
80,54,37
80,59,6
80,60,17
80,62,1
80,63,28
80,72,7
80,75,9
80,94,2
81,1,23
81,2,220
81,3,5
81,4,3
81,5,1014
81,6,176
81,7,3
81,8,266
81,12,4
81,14,111
81,15,1
81,18,3
81,19,673
81,20,1
81,21,3
81,22,2
81,24,39
81,25,157
81,26,4
81,27,9
81,28,16
81,30,2
81,32,3
81,33,22
81,37,232
81,43,606
81,45,53
81,51,64
81,52,2
81,55,59
81,56,13
81,60,15
81,66,120
81,78,3
81,82,2
81,84,7
81,87,7
81,88,2
81,92,0
82,1,15
82,2,1247
82,4,3
82,5,86
82,6,0
82,7,0
82,8,124
82,9,3
82,10,3
82,12,4
82,14,252
82,15,0
82,17,11
82,18,2
82,19,357
82,21,0
82,22,0
82,23,2
82,24,18
82,25,129
82,26,490
82,27,7
82,28,14
82,30,12
82,32,186
82,33,2
82,37,548
82,38,6
82,40,0
82,43,236
82,45,24
82,51,1
82,52,2
82,55,10
82,56,5
82,58,0
82,66,24
82,68,3
82,78,1
82,81,5
82,84,2
82,88,2
82,100,2
83,1,37
83,3,596
83,4,459
83,5,1
83,6,13
83,7,16
83,8,2
83,9,1809
83,10,25
83,11,1448
83,12,198
83,13,13
83,17,3
83,18,83
83,20,617
83,21,79
83,24,4
83,26,0
83,29,57
83,34,2
83,35,4
83,38,19
83,40,335
83,42,7
83,46,6
83,47,145
83,48,0
83,49,4
83,50,2
83,51,15
83,53,9
83,54,0
83,55,46
83,57,59
83,58,1
83,61,0
83,62,125
83,65,48
83,70,2
83,71,49
83,77,3
83,89,1
83,90,2
83,102,3
83,104,1
83,105,2
83,108,4
83,111,3
84,1,30
84,2,510
84,4,1
84,5,894
84,6,3
84,7,4
84,8,238
84,9,0
84,13,2
84,14,770
84,15,18
84,19,157
84,23,10
84,24,6
84,25,39
84,26,12
84,27,5
84,28,16
84,30,3
84,32,4
84,33,1
84,36,16
84,37,387
84,38,2
84,43,184
84,44,0
84,45,6
84,51,2
84,52,1
84,56,1
84,60,3
84,66,94
84,79,2
84,81,9
84,82,2
84,85,0
84,95,0
85,1,82
85,2,4549
85,3,11
85,4,4
85,5,13
85,6,5
85,7,0
85,8,5
85,9,41
85,10,2
85,11,2
85,12,25
85,13,4
85,14,924
85,15,43
85,16,4
85,18,1
85,19,213
85,20,2
85,21,4
85,23,392
85,24,2
85,25,84
85,26,1
85,27,2
85,28,36
85,31,10
85,33,74
85,34,2
85,36,287
85,37,73
85,38,56
85,40,40
85,43,18
85,45,3
85,46,1
85,51,21
85,52,4
85,53,0
85,54,15
85,55,3
85,56,9
85,60,15
85,63,23
85,66,7
85,67,2
85,72,6
85,74,0
85,78,15
85,79,27
85,88,2
85,90,0
85,98,13
85,109,9
86,1,6
86,2,108
86,4,0
86,5,4
86,7,510
86,8,285
86,9,0
86,12,30
86,19,11
86,24,66
86,25,77
86,27,0
86,32,2
86,33,0
86,37,17
86,45,34
86,61,8
87,1,12
87,2,56
87,3,19
87,4,3
87,5,99
87,6,4
87,7,53
87,8,27
87,9,36
87,11,3
87,12,1281
87,13,2
87,14,80
87,17,3
87,18,50
87,19,450
87,20,65
87,21,11
87,24,12
87,25,393
87,27,28
87,28,2
87,29,1
87,30,123
87,33,189
87,37,327
87,38,45
87,40,6
87,43,6
87,44,2
87,45,31
87,46,2
87,48,0
87,52,2
87,53,5
87,55,252
87,56,15
87,57,13
87,58,5
87,60,1
87,61,13
87,62,8
87,64,16
87,66,66
87,67,1
87,68,1
87,81,2
87,82,1
87,85,1
87,88,4
87,92,78
87,98,5
87,100,3
87,101,2
88,1,82
88,2,2354
88,3,47
88,4,75
88,5,292
88,6,2
88,7,1
88,8,41
88,9,24
88,12,4
88,14,201
88,15,29
88,16,2
88,19,612
88,20,27
88,21,2
88,22,6
88,23,25
88,24,30
88,25,537
88,26,137
88,27,366
88,28,229
88,30,51
88,32,17
88,33,208
88,34,9
88,36,12
88,37,81
88,38,8
88,39,6
88,40,10
88,42,1
88,43,118
88,44,5
88,45,172
88,50,2
88,51,71
88,52,344
88,54,4
88,55,28
88,56,389
88,58,0
88,60,132
88,62,4
88,63,2
88,65,2
88,66,13
88,68,2
88,72,1
88,75,5
88,78,33
88,79,12
88,81,2
88,82,5
88,85,10
88,87,6
88,91,2
88,98,4
89,4,4
89,9,23
89,17,1
89,20,1
89,21,4
89,29,68
89,50,0
89,51,1
89,68,2
89,73,0
90,1,53
90,3,92
90,4,315
90,6,4
90,9,370
90,10,19
90,11,108
90,12,12
90,17,1
90,20,50
90,21,25
90,23,2
90,24,2
90,29,1
90,30,1
90,38,1
90,40,18
90,47,11
90,50,0
90,51,51
90,53,8
90,62,3
90,65,25
90,70,0
90,71,2
90,77,9
90,83,1
90,91,6
91,1,2
91,2,0
91,3,811
91,4,781
91,7,2
91,9,68
91,10,32
91,11,173
91,12,19
91,13,20
91,16,4
91,18,2
91,19,2
91,20,19
91,21,28
91,23,5
91,24,0
91,34,32
91,38,62
91,40,13
91,41,38
91,42,71
91,47,2
91,49,0
91,51,2
91,55,21
91,60,2
91,62,1
91,63,4
91,64,0
91,65,133
91,71,13
91,85,1
91,90,5
91,108,1
92,1,8
92,2,8
92,3,4
92,4,0
92,5,3
92,8,2
92,9,45
92,12,123
92,14,31
92,18,9
92,19,145
92,20,15
92,21,1
92,25,241
92,27,3
92,29,3
92,30,69
92,33,100
92,38,1
92,43,14
92,44,0
92,45,15
92,52,2
92,53,1
92,55,2
92,57,4
92,58,2
92,60,2
92,61,0
92,62,0
92,64,1
92,68,1
92,75,3
92,78,3
92,87,34
92,101,0
93,1,765
93,2,4
93,3,619
93,4,554
93,5,0
93,6,65
93,9,4
93,10,112
93,11,2
93,13,7
93,14,12
93,16,203
93,20,5
93,23,26
93,24,0
93,26,284
93,31,87
93,33,1
93,34,327
93,35,7
93,36,36
93,38,56
93,39,482
93,40,79
93,41,27
93,42,23
93,49,99
93,50,43
93,51,8
93,54,4
93,58,5
93,59,140
93,60,24
93,63,129
93,65,4
93,72,41
93,75,52
93,76,1
93,83,3
94,1,1
94,3,4
94,7,10
94,10,1
94,11,0
94,12,9
94,15,2
94,17,9
94,18,14
94,21,25
94,46,2
94,47,7
94,48,0
94,50,0
94,58,4
94,64,1
94,69,1
94,75,0
94,114,0
95,1,14
95,2,190
95,4,0
95,5,45
95,7,10
95,8,236
95,9,0
95,12,1
95,14,1
95,15,7
95,18,1
95,19,61
95,22,4
95,24,9
95,25,32
95,27,28
95,30,32
95,33,7
95,37,5
95,40,0
95,43,43
95,44,0
95,45,68
95,51,13
95,52,0
95,56,4
95,66,1
95,88,1
96,2,9
96,6,0
96,7,73
96,9,0
96,12,13
96,17,2
96,18,4
96,21,5
96,24,1
96,46,11
96,48,1
96,58,7
96,68,3
96,69,0
96,99,0
96,107,0
96,112,1
97,3,2
97,18,0
97,20,15
97,21,4
97,46,7
97,58,4
97,71,2
97,99,6
98,1,12
98,2,75
98,3,3
98,4,17
98,5,6
98,6,3
98,9,17
98,11,0
98,14,2
98,15,1
98,18,4
98,23,1
98,24,0
98,25,0
98,26,1
98,27,4
98,33,6
98,37,54
98,38,6
98,41,1
98,51,0
98,54,0
98,55,2
98,56,6
98,62,0
98,79,1
98,85,6
99,1,14
99,4,1
99,6,6
99,7,47
99,9,13
99,12,2
99,17,10
99,18,2
99,20,18
99,21,27
99,29,0
99,46,1
99,47,2
99,48,0
99,64,2
99,69,0
99,73,1
100,1,16
100,2,48
100,3,0
100,4,0
100,5,17
100,6,5
100,7,1
100,8,20
100,12,5
100,14,62
100,18,26
100,19,48
100,20,2
100,25,45
100,33,1
100,37,52
100,43,42
100,45,4
100,51,2
100,55,4
100,56,5
100,66,0
100,70,2
100,78,3
100,81,7
100,82,2
100,95,1
101,1,2
101,3,5
101,9,12
101,12,92
101,20,23
101,25,4
101,26,0
101,27,1
101,29,39
101,30,16
101,33,2
101,40,0
101,53,22
101,55,2
101,57,12
101,58,0
101,61,0
101,87,1
101,92,2
102,1,10
102,3,3
102,6,2
102,9,29
102,12,4
102,17,6
102,20,40
102,21,8
102,29,0
102,50,4
102,53,98
102,57,62
102,71,4
102,73,5
102,101,1
103,8,0
103,9,3
103,12,1
103,20,0
103,24,0
103,40,1
103,51,0
103,58,0
103,97,0
104,1,2
104,3,4
104,4,3
104,7,3
104,9,4
104,12,0
104,13,2
104,17,10
104,18,4
104,20,0
104,21,13
104,24,1
104,29,2
104,37,0
104,40,2
104,47,2
104,57,3
104,71,0
105,1,7
105,3,14
105,4,21
105,9,11
105,10,5
105,11,22
105,12,0
105,16,6
105,23,1
105,35,4
105,40,4
105,42,3
105,62,2
105,83,2
106,1,0
106,2,0
106,3,0
106,5,2
106,6,8
106,58,3
106,74,1
107,1,8
107,3,1
107,6,10
107,7,227
107,8,0
107,9,0
107,12,8
107,14,0
107,17,4
107,18,19
107,21,0
107,25,8
107,46,3
107,69,0
107,96,1
108,3,7
108,4,23
108,9,27
108,11,33
108,12,4
108,20,9
108,21,1
108,38,3
108,40,0
108,49,2
108,62,0
108,65,3
108,70,8
108,77,0
108,91,2
109,1,12
109,2,42
109,3,0
109,6,0
109,13,1
109,14,121
109,23,51
109,25,1
109,28,14
109,31,7
109,36,5
109,56,11
109,85,3
110,1,6
110,3,0
110,5,45
110,6,24
110,14,4
110,17,3
110,18,24
110,37,4
110,48,4
110,50,6
110,58,2
110,67,2
110,69,0
110,70,8
111,1,8
111,3,93
111,4,2
111,7,4
111,9,53
111,10,1
111,11,25
111,12,3
111,13,4
111,16,0
111,17,2
111,18,7
111,20,6
111,21,12
111,38,1
111,39,12
111,47,2
111,50,0
111,64,25
111,68,1
111,70,6
111,71,17
111,75,2
111,83,4
112,7,53
112,9,2
112,12,87
112,21,2
112,25,6
112,61,19
112,73,1
113,18,0
113,50,0
114,68,0
114,69,0
115,1,108
115,2,75
115,3,44
115,4,58
115,5,54
115,6,13
115,7,0
115,8,66
115,9,3
115,10,5
115,11,8
115,13,11
115,14,33
115,15,33
115,16,44
115,19,4
115,22,4
115,23,56
115,25,5
115,26,10
115,28,8
115,31,2
115,33,0
115,34,12
115,35,1
115,36,1
115,38,1
115,41,7
115,42,0
115,45,0
115,50,0
115,52,0
115,59,1
115,60,2
115,68,0
115,72,0
115,74,4
115,75,4
116,79,0
117,27,0
